	aret1240	assa1263	bagh1251	beng1280	bhad1241	bhal1244	bhoj1244	braj1242	cham1307	chur1258	dame1241	dhiv1236	doma1260	gang1265	garh1243	gawa1247	guja1252	hind1269	indu1241	jaun1243	kach1277	kala1372	kala1373	kash1277	khet1238	khow1242	kohi1248	konk1267	kuma1273	kura1247	laur1248	loma1235	maha1287	maha1305	mait1250	mara1378	marw1260	mult1243	nawa1257	nepa1254	nort2665	nort2666	oriy1255	pali1273	pang1282	panj1256	phal1254	savi1242	shin1264	shum1235	sind1272	sinh1246	sout2669	sout2672	tira1253	torw1241	vlax1238	wega1238	wels1246	west2386	wota1240
aret1240	0.0	0.5320716153547479	0.5029003404003404	0.4952961862908099	0.5529941311918056	0.533632084289979	0.5044749823819592	0.44829059829059825	0.5469336219336219	0.49050207039337473	0.47589387652304577	0.577738304779121	0.4527488958410012	0.5111800401978973	0.5320585422329608	0.443976405896509	0.5325129360506718	0.5018064288004764	0.4819416246835602	0.48473006462136903	0.47712295253056114	0.4607456221491309	0.4472152299454931	0.5205860481423977	0.5075711569132622	0.4719457318349724	0.5518409573965128	0.555028912060162	0.5225776891953362	0.3708818706545979	0.39170714906009013	0.5109126984126985	0.5207741832741832	0.541427642646196	0.5346338410017655	0.5098074476488342	0.4970899470899471	0.6091588966588967	0.5151862026862027	0.5011591397008064	0.47502052211354545	0.3974229751729751	0.519492326331949	0.5310534104138755	0.5602758352758352	0.5143207523193278	0.45956577406045496	0.45700700371753	0.4809566103973999	0.3896498144712431	0.5292025796114581	0.5477894175141881	0.45726434513199216	0.3580026124668982	0.4359636975490634	0.4533876031376031	0.4545709192768016	0.41647209272209273	0.5584215167548501	0.5086362482653692	0.4541166033512972
assa1263	0.5320716153547479	0.0	0.32436687891233346	0.29285979098940296	0.45699263226251857	0.45355176089592397	0.32948046780469925	0.3881085106000072	0.43291645391645395	0.4092408175391369	0.4759836919056777	0.48554350327161505	0.4294811151811152	0.3455976238860854	0.38105224896782486	0.4637434650487297	0.41448428438903073	0.34246801361774604	0.4381517305996472	0.4494814256388331	0.4342220632581668	0.4911070866931336	0.46853118643898783	0.46106056343407836	0.40461367721784397	0.48147015229228485	0.5305243020868021	0.41152240544817154	0.37960754883080133	0.5289173326673327	0.4816463456540211	0.47633895575968743	0.46205383305272935	0.4382397033175659	0.3324694902061923	0.40218197697526664	0.4001055528833306	0.4349727474062581	0.5040230169488077	0.35095980795694076	0.47081576738439473	0.4809561529848415	0.3100838278514253	0.44311746441418964	0.40392767523915063	0.38154465682639305	0.4792917802683428	0.45538972400385447	0.4938158548854376	0.4912996145922212	0.4378823372325193	0.45489442057082097	0.4951401271737663	0.4851836372244536	0.4506198916473538	0.4751457861664963	0.48694356767006336	0.5330574817843337	0.48738926525811765	0.4160458714934218	0.44885092191758863
bagh1251	0.5029003404003404	0.32436687891233346	0.0	0.25840649611962113	0.38181962008181525	0.4180536473582831	0.19698218448218446	0.2331168831168831	0.3743696118696119	0.33666472416472415	0.4722985224651892	0.5037808060884983	0.4279942279942279	0.2112444555817039	0.3070127931429301	0.44474627096154873	0.34398441612853375	0.20484382473762697	0.38809824434824436	0.33255827854884457	0.35478397946139884	0.4527568152568152	0.4583386058386058	0.4304825460806836	0.3810178504622949	0.48659461152882205	0.4660743378485314	0.4039045579743254	0.3155116693440869	0.5231610639018046	0.44731279749662106	0.44242724867724864	0.4428578701764186	0.386381616365647	0.20722458750647813	0.32863775706085185	0.25826736755308183	0.3698618841475984	0.4605248917748918	0.28425577180172773	0.44409905937683714	0.4641815511380729	0.319196339082189	0.4026326065417221	0.4105533355533355	0.28391088141088144	0.4449747848684019	0.44905657208288785	0.4689347568695395	0.48590802893687524	0.37291322565361024	0.46904469463769166	0.4400022313287619	0.4468840187590188	0.42948263422401356	0.45484120177516396	0.46077459866522363	0.48645347707847714	0.4440845139708776	0.33746245870069796	0.445926097711812
beng1280	0.4952961862908099	0.29285979098940296	0.25840649611962113	0.0	0.3785969058621175	0.38652352503455445	0.2452626228697771	0.31981832651475506	0.3442309432408443	0.3403851752535963	0.42786959817069825	0.44795902573290214	0.39247428528891115	0.27701122423806507	0.29536993938092837	0.4293307506849173	0.3322247937192484	0.2243182088116903	0.383760269748173	0.35629228375440497	0.35575516689263975	0.4330061581104162	0.4204608943745848	0.41026232938178947	0.3294277591896639	0.45155961009779	0.46385724866061945	0.3322571102888267	0.30503720780510984	0.4651863164158246	0.4229889483122241	0.4124812526722249	0.40055857703373227	0.37286299330045086	0.24394125576362327	0.3277124633873274	0.30797137716780576	0.37746064541519087	0.43361237046132883	0.26384104262983854	0.4919017629543946	0.41540209178076826	0.2564025382284217	0.3825455377539209	0.34096672919136684	0.2914215437360033	0.41470525981490897	0.43053176100795143	0.46138207094710537	0.44517675064550066	0.37214480847100573	0.42920817972879627	0.4389232804232803	0.4179410577848078	0.3953803267231485	0.41781278830459156	0.41438133470084143	0.46725498470781485	0.4708862179812884	0.3345146687933905	0.38670384399551067
bhad1241	0.5529941311918056	0.45699263226251857	0.38181962008181525	0.3785969058621175	0.0	0.3119545672459783	0.3972035726884864	0.4202861952861952	0.331628633711967	0.30842448061198063	0.48781634578203203	0.5097595498637165	0.4772201126678739	0.40179926975381525	0.36125902992282305	0.4748238258654924	0.39843642846299443	0.3689075433070901	0.45238560744810746	0.39928137899836	0.33623597395721283	0.4947672327672328	0.48175754585638303	0.44122007615301934	0.421372692963602	0.5083268858230748	0.47945565677708546	0.42003541358700086	0.38051731560660135	0.5296851737327928	0.5258335207053156	0.4855949605949606	0.42927896876464583	0.436088141103874	0.4085075497978724	0.39346403720383905	0.3170096658191896	0.46320318570318564	0.5381068858042543	0.3776654098551743	0.5415432345432345	0.48028747522118737	0.39489835057670425	0.4401366162936718	0.33765380452880456	0.33824919186111047	0.4943201607865069	0.4717195998445998	0.4881238419699957	0.5065050191973268	0.37896667391512023	0.4948943817518584	0.5302189802189804	0.5230090195999287	0.4610130321067821	0.4956295135368169	0.492030016598982	0.5597891049279937	0.5363957030623697	0.36714878285865943	0.451982646982647
bhal1244	0.533632084289979	0.45355176089592397	0.4180536473582831	0.38652352503455445	0.3119545672459783	0.0	0.4115589208771028	0.4559958046069157	0.3321393295969567	0.3187310282310282	0.48404182496335785	0.5081506540292772	0.4558752204585538	0.4158678465183311	0.3506329617518537	0.47001587651193943	0.4021391004649822	0.38017473264591817	0.4743029310489628	0.3972264617459315	0.33172399592517937	0.5191418742700795	0.4493734615058145	0.4438726240017488	0.4375496454764748	0.5110149028279475	0.5164371536322756	0.43005744872411533	0.36498196137224775	0.524469942935852	0.5201235002371366	0.45930782180782176	0.39600375677961885	0.456520824607641	0.404366896103454	0.3992168136774831	0.3355650599400599	0.48349567099567103	0.50813033214349	0.37511797444969064	0.5362670483638226	0.4584264897360135	0.40575646907307716	0.4678014192332748	0.35044949012340315	0.34539356584087605	0.46143031092695524	0.46381862049670264	0.4865373068157272	0.5340184671358452	0.3781119412046328	0.49449020613616884	0.49574716045304273	0.5001110731373889	0.43779227459783004	0.440409274555616	0.452657869865194	0.538999250018987	0.5012795619413266	0.36396786872567904	0.428198359905677
bhoj1244	0.5044749823819592	0.32948046780469925	0.19698218448218446	0.2452626228697771	0.3972035726884864	0.4115589208771028	0.0	0.24946043539793536	0.3519390331890332	0.3299903965082537	0.45267296195867623	0.5012696801706867	0.42601347370578135	0.20203192884113938	0.3007364783034426	0.42850529100529106	0.35098675832943316	0.2383595058633639	0.3965928696906957	0.3780761133220149	0.37309598103248903	0.47860873146666716	0.4334126402425372	0.4248593434417831	0.3883331412177566	0.4894760417457787	0.4868036824286824	0.36299998799998795	0.3228366432441524	0.48371896302930795	0.4036178614666987	0.4230943152454781	0.4072816676077546	0.3879957602995754	0.21572453208533543	0.35498142396264576	0.2756735285990605	0.3747715247715247	0.4694488884706276	0.29088964667181755	0.5050798160173161	0.4567745257962649	0.3225603617316071	0.4063509419863093	0.34052666083916083	0.32138613336956307	0.4354125202962412	0.4418362598050098	0.4805363106805773	0.45395240610084364	0.3748738527156894	0.4949994794116819	0.491290023108205	0.4425485008818343	0.43121784616349823	0.4303256694079478	0.45040820040820045	0.49746732026143786	0.5182539682539682	0.3509060923234239	0.4065498459016977
braj1242	0.44829059829059825	0.3881085106000072	0.2331168831168831	0.31981832651475506	0.4202861952861952	0.4559958046069157	0.24946043539793536	0.0	0.3742063492063492	0.45075757575757575	0.5127561327561327	0.5453250260541928	0.5406204906204906	0.341926250078424	0.3253010010822511	0.5347222222222222	0.3300931222576443	0.2569925519100047	0.46485260770975056	0.36706043956043954	0.3574050949050949	0.6096611721611721	0.5476190476190477	0.4607447019211726	0.527936507936508	0.5164712602212601	0.5111111111111111	0.3689217726717726	0.30906294616612073	0.42727272727272725	0.5445054945054946	0.5138888888888888	0.45055658627087203	0.3934745085988287	0.27844099400221844	0.3950628045628045	0.1898148148148148	0.375	0.6010416666666667	0.30089661835985365	0.5383928571428571	0.5057577838827838	0.3685248104518938	0.39893629786745727	0.40952380952380957	0.3073398141210641	0.5139898989898989	0.4725056689342404	0.5257200968965674	0.45595238095238094	0.32269731136918633	0.5153622793328675	0.5297619047619048	0.43367003367003365	0.4986607142857143	0.44404761904761897	0.5253511303511302	0.5454545454545455	0.5782738095238095	0.36735878809742445	0.5168154761904762
cham1307	0.5469336219336219	0.43291645391645395	0.3743696118696119	0.3442309432408443	0.331628633711967	0.3321393295969567	0.3519390331890332	0.3742063492063492	0.0	0.25880987699169516	0.46652456738663634	0.47183074861646285	0.3877051189551189	0.36520847573479154	0.29228511872742635	0.5021643993866217	0.4206684209474388	0.2572686572686572	0.3876692443359111	0.29003866503866504	0.31025415153322133	0.47982163339306194	0.45274923489209196	0.43036757303998674	0.3416666666666667	0.4794325396825396	0.5333549783549782	0.3524882281461229	0.341143463018463	0.604906204906205	0.46255550005550006	0.5094179894179894	0.4029752411331358	0.4243874246297375	0.3600934036201893	0.3476323445073445	0.29662440733869305	0.2976190476190476	0.5216691872941873	0.364609533984534	0.6156517094017093	0.42929646111464287	0.29943604250534944	0.4296089411943071	0.25935631828488975	0.1907292621578336	0.48603326872557656	0.3215645465645465	0.5241563042845093	0.539642942527558	0.37744876282110335	0.46896848597668267	0.5071095571095572	0.583994708994709	0.4624433106575964	0.4251239099065186	0.48809185606060607	0.46309523809523806	0.5501683501683501	0.3343615750780385	0.3799575424575425
chur1258	0.49050207039337473	0.4092408175391369	0.33666472416472415	0.3403851752535963	0.30842448061198063	0.3187310282310282	0.3299903965082537	0.45075757575757575	0.25880987699169516	0.0	0.4829617604617605	0.462347582972583	0.45747901088810183	0.3515757189670232	0.31809336021664786	0.472232761328506	0.3990888361618209	0.28847061448251926	0.4103528853528854	0.3909689426734881	0.32584695607422876	0.49371638462547557	0.45227615174423685	0.40840774661942547	0.33297106933470566	0.49353374167203945	0.5099681883772792	0.3686034961770255	0.362079380733227	0.549894351680066	0.48299456953303105	0.42481962481962476	0.3918452380952381	0.4309604690714057	0.3707905842399513	0.34974426623245514	0.32210844710844716	0.37926887926887926	0.4839115089115089	0.38662505998903063	0.551390528663256	0.47450949588046365	0.32768807072885087	0.4324896742642278	0.258878768985152	0.2397906786387178	0.4325041098747995	0.4048690366872185	0.48504536872592424	0.49646418396418407	0.3819488405793553	0.4853522569814705	0.47773769440436104	0.47627946127946125	0.43579158936301793	0.48471317330012986	0.4750172699640785	0.5257187257187257	0.4862674362674362	0.3010975958619401	0.4345667953841031
dame1241	0.47589387652304577	0.4759836919056777	0.4722985224651892	0.42786959817069825	0.48781634578203203	0.48404182496335785	0.45267296195867623	0.5127561327561327	0.46652456738663634	0.4829617604617605	0.0	0.5217195197964428	0.42216697045644413	0.4872999127309473	0.4606896299374175	0.38260767412941327	0.488096857431209	0.46301191134590813	0.4287516269133917	0.49818319977894443	0.47201023924154767	0.3582698121483811	0.4013907591872111	0.4583499771092012	0.46496632996633	0.3838257648540396	0.49856903848839335	0.5043511588593556	0.46713386337609936	0.4342646473896473	0.41605446532884616	0.4634093067426401	0.5022220504363362	0.4830773384764191	0.44393463979502934	0.4924671130211182	0.4532432844932845	0.49818563789152026	0.45677092112277295	0.45906333511058456	0.4795763804097137	0.41649780696390853	0.46786115170439924	0.4933408275344387	0.5076753706064051	0.46526318479443474	0.36038058111712146	0.3729877075465311	0.4554700785458036	0.4160929680845926	0.49016815340967884	0.5048121296942051	0.37759572720222995	0.42179040243944094	0.4149252855578156	0.4186500629000629	0.4251959124483878	0.4514946294016061	0.43827620791906513	0.4706062616502459	0.3802934037447312
dhiv1236	0.577738304779121	0.48554350327161505	0.5037808060884983	0.44795902573290214	0.5097595498637165	0.5081506540292772	0.5012696801706867	0.5453250260541928	0.47183074861646285	0.462347582972583	0.5217195197964428	0.0	0.4920245986652237	0.492979595031834	0.4497899159663866	0.5065096372113915	0.4865559182964246	0.4518746474494754	0.4969026074234407	0.5340335503071353	0.494276013496904	0.5514620778082316	0.4996719693234116	0.4977987656691015	0.45846882445719656	0.48068211632261215	0.5570778527028527	0.4728544645336814	0.4905554089418742	0.5817994762439207	0.5151240294097437	0.5276335415963075	0.5169402356902357	0.4846182873173813	0.4826236083634837	0.47560346229433237	0.4323925529807882	0.535385813017392	0.5068358062037838	0.4728383073003547	0.5475174398251321	0.501795746781212	0.4533219317190088	0.49341928266945845	0.5016445459302602	0.4618695746563202	0.5318705066932017	0.5158767564469319	0.5226649430816097	0.5247396192899242	0.4586872056490922	0.36432806822112634	0.5194654111320778	0.47325396825396815	0.45572832115800865	0.521118636441217	0.4844152375402375	0.5783910533910535	0.5251956569664903	0.470091377108921	0.46464588810479224
doma1260	0.4527488958410012	0.4294811151811152	0.4279942279942279	0.39247428528891115	0.4772201126678739	0.4558752204585538	0.42601347370578135	0.5406204906204906	0.3877051189551189	0.45747901088810183	0.42216697045644413	0.4920245986652237	0.0	0.41252211050598153	0.4061321041742729	0.4436905331136101	0.4465904355610237	0.4065189798345286	0.39734444007171277	0.42440224384668823	0.43155043609589067	0.45412606261662863	0.40490475361165024	0.4553242064176599	0.4677224627224627	0.43374589516564815	0.4371621621621622	0.4507431457431458	0.4058825202575203	0.45903679653679647	0.47857190032190033	0.45771221532091094	0.3978530728530728	0.4625071090953136	0.41345727202468774	0.43507906484768183	0.4232308201058201	0.47885101010101006	0.4555065305065305	0.4033470085403538	0.4564739658489658	0.43765280840752546	0.4187105198430702	0.47033602229916327	0.44845226458129683	0.4218885439382334	0.41410939384240353	0.3900253681503682	0.38530065951298825	0.4453067541777219	0.46464696249728094	0.47860809776868174	0.42936172354776997	0.4733173572459287	0.4078797341092424	0.40383003876979773	0.43260655333826065	0.49112245778912444	0.49835600907029476	0.4382605769467083	0.3963930782479169
gang1265	0.5111800401978973	0.3455976238860854	0.2112444555817039	0.27701122423806507	0.40179926975381525	0.4158678465183311	0.20203192884113938	0.341926250078424	0.36520847573479154	0.3515757189670232	0.4872999127309473	0.492979595031834	0.41252211050598153	0.0	0.31486886813241494	0.46946086321086317	0.3520644227843481	0.2340519763324423	0.416858805445762	0.3267986886407939	0.3948531198531198	0.4730188203227419	0.4471715550367235	0.45499465643416076	0.3484055759055759	0.49857255591630595	0.5212670926956641	0.35792913895048045	0.3402976611453821	0.4822411305169925	0.44670954045954053	0.4576134614178093	0.4102272410491588	0.3919315064483987	0.187297890199851	0.35139442395757375	0.3249488844488845	0.43770600744284954	0.4632423325131659	0.29209649825818307	0.5350190213826577	0.4634737484737485	0.31693991239137653	0.40846699518513857	0.3462131618381618	0.31838569136355854	0.4462754606504606	0.4686703367554433	0.47946218984626365	0.46984635023096555	0.37586073254276026	0.48921823257760755	0.4593472721132297	0.4656237701692248	0.43357748402391255	0.46375371616335476	0.47585607419791087	0.5135250015684798	0.49641523935002185	0.35260823723074436	0.42353284662606705
garh1243	0.5320585422329608	0.38105224896782486	0.3070127931429301	0.29536993938092837	0.36125902992282305	0.3506329617518537	0.3007364783034426	0.3253010010822511	0.29228511872742635	0.31809336021664786	0.4606896299374175	0.4497899159663866	0.4061321041742729	0.31486886813241494	0.0	0.4540199842086635	0.2844500003009039	0.27508145600412737	0.4082043882043882	0.3317917571648915	0.3096351338878513	0.4736592708366901	0.4360152000777001	0.4192399722766047	0.36248822402668557	0.4885492374597879	0.47090756465756467	0.33674365899136544	0.24223387952726796	0.5164393939393939	0.4569702567547395	0.43013468013468015	0.326308137723954	0.4066540041429941	0.3201666761107321	0.30457539886002205	0.24786199044011545	0.3822655122655123	0.4817514049131696	0.25232591666854615	0.5197798867798867	0.4400291104559397	0.342231763905151	0.42676955878422906	0.34382013335501704	0.3064343809723734	0.4137568809791031	0.44512540877925494	0.4531399565235215	0.4799512330762331	0.3315900793512734	0.4689930963911326	0.475322347902993	0.45399474657287153	0.42416043552407184	0.4411045551670552	0.44054457732515284	0.49495238095238103	0.4827312534209086	0.3355503433154948	0.39837683810898106
gawa1247	0.443976405896509	0.4637434650487297	0.44474627096154873	0.4293307506849173	0.4748238258654924	0.47001587651193943	0.42850529100529106	0.5347222222222222	0.5021643993866217	0.472232761328506	0.38260767412941327	0.5065096372113915	0.4436905331136101	0.46946086321086317	0.4540199842086635	0.0	0.47702380154340934	0.4400030570275135	0.4059716432401617	0.4405671623062927	0.4850632757849252	0.44707231709972933	0.4209882930121025	0.46779385959611247	0.4854447536590394	0.44812082661347374	0.48622811428933876	0.48376337793813523	0.45171441769561066	0.42806099373263545	0.4158798377548378	0.5053515572746342	0.473354754527594	0.46836014555677863	0.45665130112881447	0.46803349803657174	0.4652785620176925	0.5192354214413039	0.5224111999111999	0.46844040219040217	0.4629588467088467	0.43029541022543566	0.44332832858142773	0.4668006879951324	0.4094789788755306	0.45882468839381724	0.3867743273993274	0.30852628586441533	0.4601350994374667	0.36856982767070484	0.4890432970944259	0.5071143940039289	0.4460298189464856	0.40863596126096124	0.43008721532817906	0.44285014268885237	0.4444798119649311	0.41335419899249676	0.4769151138716356	0.47341341920948066	0.3775021404521404
guja1252	0.5325129360506718	0.41448428438903073	0.34398441612853375	0.3322247937192484	0.39843642846299443	0.4021391004649822	0.35098675832943316	0.3300931222576443	0.4206684209474388	0.3990888361618209	0.488096857431209	0.4865559182964246	0.4465904355610237	0.3520644227843481	0.2844500003009039	0.47702380154340934	0.0	0.3196165953378994	0.4442389051202369	0.3829437852470575	0.3537202494607183	0.49621802163338974	0.45948363004496434	0.43226786600261774	0.3962560039862671	0.5116896837013349	0.4911916089026063	0.35236491381567564	0.34218005570667004	0.5401967366519606	0.469321050341271	0.4495208538238251	0.4148546415503074	0.3949151378741786	0.3425772015091695	0.3017120881403854	0.2698135114951662	0.40810947965798705	0.506572367501086	0.33072401184081396	0.5214223390452899	0.4567924308878257	0.36134781620092654	0.42438096418590043	0.4055069599712457	0.3427312448477007	0.44919108047032025	0.45333047729065423	0.4743522838598938	0.48436243784792293	0.36983984138017745	0.46204250052464807	0.46749254210447017	0.47830968742853974	0.44887814682982746	0.475221388429109	0.4762273623646867	0.5099774249188312	0.5250420992557431	0.36306516960615004	0.45270859142495046
hind1269	0.5018064288004764	0.34246801361774604	0.20484382473762697	0.2243182088116903	0.3689075433070901	0.38017473264591817	0.2383595058633639	0.2569925519100047	0.2572686572686572	0.28847061448251926	0.46301191134590813	0.4518746474494754	0.4065189798345286	0.2340519763324423	0.27508145600412737	0.4400030570275135	0.3196165953378994	0.0	0.3971210875377543	0.3322811575607628	0.3479403413359422	0.47368846293677963	0.4328689632065955	0.4265946365883773	0.3321741530074863	0.4885054924343645	0.48312124533715445	0.3453002468452451	0.2888160746341097	0.523167983058608	0.44922629650520807	0.4390155164500402	0.39926784911827645	0.3729651383931305	0.23659338203278588	0.29851593540760585	0.26348732774789113	0.3732327577778528	0.4714799826909202	0.2756329547642695	0.4982838820338821	0.4419638237012359	0.27771776482406985	0.38867618735172005	0.2812963934799378	0.21878873433379994	0.43841874083390703	0.4303971314768657	0.4725764700821325	0.46598794310847874	0.35451023331595605	0.4279803703815575	0.4593584874765069	0.44062761964170416	0.41383692217743945	0.4338160302945545	0.4558798044418674	0.4767528361278361	0.48952763630704804	0.32075190441891677	0.41784833960064016
indu1241	0.4819416246835602	0.4381517305996472	0.38809824434824436	0.383760269748173	0.45238560744810746	0.4743029310489628	0.3965928696906957	0.46485260770975056	0.3876692443359111	0.4103528853528854	0.4287516269133917	0.4969026074234407	0.39734444007171277	0.416858805445762	0.4082043882043882	0.4059716432401617	0.4442389051202369	0.3971210875377543	0.0	0.42024827024827016	0.4555404251832823	0.4567394471999736	0.37691595922115395	0.4354010678838661	0.46799868726952054	0.4535873784137674	0.4239142577852255	0.43196987426154093	0.40982723976585583	0.48144407033295916	0.4673142135642136	0.44221302047389005	0.4556196889530222	0.48025634021264985	0.4034615090296909	0.4275327328974118	0.46257102272727274	0.5208355880230879	0.489869360963111	0.42441606666867077	0.5135141093474427	0.4393733250876108	0.42605789118289117	0.4867269246956747	0.4212928375971854	0.426834545129448	0.342274613578377	0.39139718614718616	0.4033306813646619	0.45545448325620735	0.4609186445413297	0.4845975565315188	0.4131067165158074	0.4511366642616643	0.4027704839180249	0.3496861604004461	0.39884321653189586	0.46146384479717817	0.4328754578754578	0.4346857442226359	0.3585191484001008
jaun1243	0.48473006462136903	0.4494814256388331	0.33255827854884457	0.35629228375440497	0.39928137899836	0.3972264617459315	0.3780761133220149	0.36706043956043954	0.29003866503866504	0.3909689426734881	0.49818319977894443	0.5340335503071353	0.42440224384668823	0.3267986886407939	0.3317917571648915	0.4405671623062927	0.3829437852470575	0.3322811575607628	0.42024827024827016	0.0	0.3815051846301846	0.48013157477443186	0.5136663105413106	0.4705566557000983	0.3661052489177489	0.5206970554697828	0.48748522719110954	0.436025166073243	0.32162298301953474	0.5126024768881912	0.4399520885097808	0.5060460372960374	0.34042406006691717	0.43717755507835965	0.3798231054045008	0.33659128618295286	0.3399476911976912	0.40773300773300775	0.550916860916861	0.3780752376531597	0.51537022005772	0.5161909519052376	0.3874648747970896	0.4469135520343855	0.4037662337662338	0.32054217865999474	0.41747419247419243	0.3795519480519481	0.5044813694927613	0.49202697886908414	0.41318065670888254	0.49201916257001005	0.5150244200244201	0.45638111888111893	0.4435708180708181	0.4363790970933828	0.5036577179434323	0.4797077922077922	0.47014175061050056	0.3796131180153737	0.4699062841919984
kach1277	0.47712295253056114	0.4342220632581668	0.35478397946139884	0.35575516689263975	0.33623597395721283	0.33172399592517937	0.37309598103248903	0.3574050949050949	0.31025415153322133	0.32584695607422876	0.47201023924154767	0.494276013496904	0.43155043609589067	0.3948531198531198	0.3096351338878513	0.4850632757849252	0.3537202494607183	0.3479403413359422	0.4555404251832823	0.3815051846301846	0.0	0.47428188083925793	0.47894622015715765	0.41948568365680655	0.32180735930735926	0.4896890307162584	0.5101375013875014	0.39529934066572	0.3326168908948006	0.5376534225672156	0.46920550514300513	0.45778705421562566	0.4171809618030549	0.4173842589205764	0.3930348309625876	0.37123215969423834	0.2816459483912314	0.3171287707001993	0.49342187348516453	0.3531498000359639	0.5174385614385614	0.4740316657655367	0.37336752581428034	0.4231674532486866	0.33679627664002665	0.2912544928500442	0.42444145103867326	0.4491927439844107	0.48975066380211824	0.49190831352289677	0.2987215626531673	0.4674882709026227	0.48138063956245775	0.48976527699353783	0.4122214520173704	0.44665272648227194	0.4694387227892382	0.4938311977374477	0.4606963688485428	0.32392220888160567	0.4357548503084218
kala1372	0.4607456221491309	0.4911070866931336	0.4527568152568152	0.4330061581104162	0.4947672327672328	0.5191418742700795	0.47860873146666716	0.6096611721611721	0.47982163339306194	0.49371638462547557	0.3582698121483811	0.5514620778082316	0.45412606261662863	0.4730188203227419	0.4736592708366901	0.44707231709972933	0.49621802163338974	0.47368846293677963	0.4567394471999736	0.48013157477443186	0.47428188083925793	0.0	0.43349455273298976	0.508090746406781	0.501532079032079	0.39937015282305255	0.5056750439103381	0.5094942585472888	0.48849078628888926	0.48158986024939976	0.4373139693315132	0.49903376518621523	0.4611722059302704	0.5047825426390647	0.47161263931350017	0.49954541768062266	0.4348716759431045	0.538008288008288	0.5011519425993111	0.4691223376683749	0.4701796953282522	0.44118379594942086	0.4831314266456254	0.5012501612999125	0.4468743558029273	0.47264524293248056	0.38927732938524306	0.43856147699638004	0.4734512311991651	0.4794058184118425	0.5217600710200603	0.520317299492191	0.3206449914035053	0.5040945165945167	0.4148008152815846	0.4751474335849336	0.4551181596181596	0.5100045457188314	0.48287698412698415	0.4852961978876383	0.44197986109750814
kala1373	0.4472152299454931	0.46853118643898783	0.4583386058386058	0.4204608943745848	0.48175754585638303	0.4493734615058145	0.4334126402425372	0.5476190476190477	0.45274923489209196	0.45227615174423685	0.4013907591872111	0.4996719693234116	0.40490475361165024	0.4471715550367235	0.4360152000777001	0.4209882930121025	0.45948363004496434	0.4328689632065955	0.37691595922115395	0.5136663105413106	0.47894622015715765	0.43349455273298976	0.0	0.4580325896814942	0.4559578706317837	0.4382533028055416	0.44146157960813126	0.4785597539385417	0.44459776647746574	0.465176626206038	0.4297120614428307	0.4802683792815372	0.49588563079129117	0.48857783121757037	0.43169349624267656	0.463753747287792	0.42511449902754256	0.4992424242424242	0.46215471036899597	0.4443975755656243	0.454537317037317	0.4104048377146203	0.4696923080777247	0.4846883619407001	0.4189680417621594	0.4444195895155884	0.3574454722506053	0.3881874885193469	0.43084383653908337	0.4432386324154617	0.476904043338844	0.5053431283958922	0.43595895897032266	0.3777738565782044	0.3984630907287158	0.3548087745587745	0.42370808929632453	0.4356896344396345	0.5095354050711193	0.43566337829430396	0.34164621093192526
kash1277	0.5205860481423977	0.46106056343407836	0.4304825460806836	0.41026232938178947	0.44122007615301934	0.4438726240017488	0.4248593434417831	0.4607447019211726	0.43036757303998674	0.40840774661942547	0.4583499771092012	0.4977987656691015	0.4553242064176599	0.45499465643416076	0.4192399722766047	0.46779385959611247	0.43226786600261774	0.4265946365883773	0.4354010678838661	0.4705566557000983	0.41948568365680655	0.508090746406781	0.4580325896814942	0.0	0.42110204610204616	0.4723436356547043	0.4951830660163994	0.4655062414096337	0.4291749108168582	0.5195854277997135	0.4694372682587117	0.47659492208910814	0.46139104722438057	0.4746912005867254	0.4241946746549459	0.45153325452797743	0.3998740067683367	0.45504214907116697	0.5064748405189582	0.41649352831367653	0.5305844888310951	0.4474320965827051	0.4586805330479164	0.4768020496233327	0.39866268291592966	0.42360394653760486	0.4628176492246921	0.4526597918187612	0.4697089025260811	0.4951613439876136	0.4337693525351605	0.48175288427348106	0.4895607139032429	0.48667606902901017	0.4265307938072166	0.4459493997235543	0.47884245693955513	0.5002811794233363	0.5032295523104345	0.41679767055133526	0.4282103985943855
khet1238	0.5075711569132622	0.40461367721784397	0.3810178504622949	0.3294277591896639	0.421372692963602	0.4375496454764748	0.3883331412177566	0.527936507936508	0.3416666666666667	0.33297106933470566	0.46496632996633	0.45846882445719656	0.4677224627224627	0.3484055759055759	0.36248822402668557	0.4854447536590394	0.3962560039862671	0.3321741530074863	0.46799868726952054	0.3661052489177489	0.32180735930735926	0.501532079032079	0.4559578706317837	0.42110204610204616	0.0	0.47900665642601126	0.5017610861360862	0.4326623668728932	0.3888390313390314	0.5010461760461761	0.45523632745854964	0.4814814814814814	0.41005291005291006	0.407260288444499	0.3662690484119056	0.36439701171844024	0.4137626262626263	0.33418899476591785	0.466500256016385	0.3974366481612858	0.47773368606701944	0.43121067821067827	0.3421372886372886	0.41725563397641313	0.4051787718454385	0.28258457077901517	0.4330123077405687	0.46450798305637014	0.5018787240726017	0.5072086410321704	0.3522524386044794	0.43908617424242424	0.4945187590187591	0.484438973724688	0.42393162393162387	0.45459910459910463	0.4198907441764585	0.5	0.43707912457912457	0.27349004915494274	0.41719941764584617
khow1242	0.4719457318349724	0.48147015229228485	0.48659461152882205	0.45155961009779	0.5083268858230748	0.5110149028279475	0.4894760417457787	0.5164712602212601	0.4794325396825396	0.49353374167203945	0.3838257648540396	0.48068211632261215	0.43374589516564815	0.49857255591630595	0.4885492374597879	0.44812082661347374	0.5116896837013349	0.4885054924343645	0.4535873784137674	0.5206970554697828	0.4896890307162584	0.39937015282305255	0.4382533028055416	0.4723436356547043	0.47900665642601126	0.0	0.5379181657714266	0.5263442606639509	0.47459915720579227	0.4880108071597433	0.4697078887296279	0.459675925925926	0.49144267134463215	0.5052991501813305	0.47470242408846164	0.5173373401939191	0.49197931697931696	0.505409867909868	0.49004235143941033	0.47406507251821983	0.4886399433899433	0.44424615199615203	0.4768056661829555	0.5203009832245944	0.507909090909091	0.48511301486820435	0.4181856604933527	0.4163049222750715	0.44981749463091375	0.4578228420242309	0.5185636961825342	0.5104004568819384	0.37683048329458074	0.451021148989899	0.42998249345651945	0.4332416843701566	0.43087566717084796	0.50939837279123	0.4573514448514449	0.5044161132762984	0.4264434580890278
kohi1248	0.5518409573965128	0.5305243020868021	0.4660743378485314	0.46385724866061945	0.47945565677708546	0.5164371536322756	0.4868036824286824	0.5111111111111111	0.5333549783549782	0.5099681883772792	0.49856903848839335	0.5570778527028527	0.4371621621621622	0.5212670926956641	0.47090756465756467	0.48622811428933876	0.4911916089026063	0.48312124533715445	0.4239142577852255	0.48748522719110954	0.5101375013875014	0.5056750439103381	0.44146157960813126	0.4951830660163994	0.5017610861360862	0.5379181657714266	0.0	0.5371366254518428	0.4753961287189135	0.5505847953216375	0.5119147827481161	0.5668771043771045	0.5074544142725961	0.5434708591737302	0.4812219878886546	0.5198701308438152	0.41483821733821735	0.5133333333333333	0.5227306547619047	0.48019782830980745	0.5443542568542568	0.5082025613275614	0.5076546909880243	0.54805648225373	0.5004419191919192	0.49322416797317814	0.4363128015301928	0.41363275613275613	0.345035124172317	0.5305351152912129	0.49686690280749696	0.5492777169638872	0.4778456265956265	0.48426406926406934	0.48949473728885495	0.481025552016118	0.5148506339995702	0.5378697691197691	0.5945549242424242	0.5094784047370254	0.49579262007833436
konk1267	0.555028912060162	0.41152240544817154	0.4039045579743254	0.3322571102888267	0.42003541358700086	0.43005744872411533	0.36299998799998795	0.3689217726717726	0.3524882281461229	0.3686034961770255	0.5043511588593556	0.4728544645336814	0.4507431457431458	0.35792913895048045	0.33674365899136544	0.48376337793813523	0.35236491381567564	0.3453002468452451	0.43196987426154093	0.436025166073243	0.39529934066572	0.5094942585472888	0.4785597539385417	0.4655062414096337	0.4326623668728932	0.5263442606639509	0.5371366254518428	0.0	0.3730172931330619	0.5568765725015724	0.479335446299732	0.4937216076104965	0.42687234370567695	0.3764879430617553	0.37638156276641754	0.31535561498194475	0.3026218534551868	0.41786582982235154	0.499418124146385	0.38044614135523225	0.5548152403152403	0.5001765832021513	0.3277916908160197	0.3965335930093111	0.3389846264846265	0.36292971811343633	0.4417775432330227	0.4694966998813152	0.4975685954257382	0.491347708198974	0.399354721069155	0.4330167013826231	0.49302953515282283	0.4801634529999914	0.4523184223184223	0.48585535095366555	0.46718044196857766	0.5002668958026101	0.5036983592539147	0.39728205314883314	0.43217778749028746
kuma1273	0.5225776891953362	0.37960754883080133	0.3155116693440869	0.30503720780510984	0.38051731560660135	0.36498196137224775	0.3228366432441524	0.30906294616612073	0.341143463018463	0.362079380733227	0.46713386337609936	0.4905554089418742	0.4058825202575203	0.3402976611453821	0.24223387952726796	0.45171441769561066	0.34218005570667004	0.2888160746341097	0.40982723976585583	0.32162298301953474	0.3326168908948006	0.48849078628888926	0.44459776647746574	0.4291749108168582	0.3888390313390314	0.47459915720579227	0.4753961287189135	0.3730172931330619	0.0	0.5107354579576802	0.48023709245300145	0.46769768097751824	0.29679480241980244	0.4155293489898357	0.3207670192621192	0.3302552822944821	0.1862993138936535	0.37221337362846796	0.48102583872830357	0.2749241359283024	0.49661381702198026	0.4406984009256736	0.3587537354468747	0.44062104385540957	0.35029910049441293	0.3116957261490264	0.4377044641891385	0.42339098575657713	0.46450428855794573	0.4809944822593632	0.32998584821432336	0.47824297965380846	0.4594729535845239	0.4985648987102475	0.41238597148261014	0.4316916432683478	0.439746516504329	0.5139684256270795	0.4916129529012182	0.3473397762174202	0.4243972999878513
kura1247	0.3708818706545979	0.5289173326673327	0.5231610639018046	0.4651863164158246	0.5296851737327928	0.524469942935852	0.48371896302930795	0.42727272727272725	0.604906204906205	0.549894351680066	0.4342646473896473	0.5817994762439207	0.45903679653679647	0.4822411305169925	0.5164393939393939	0.42806099373263545	0.5401967366519606	0.523167983058608	0.48144407033295916	0.5126024768881912	0.5376534225672156	0.48158986024939976	0.465176626206038	0.5195854277997135	0.5010461760461761	0.4880108071597433	0.5505847953216375	0.5568765725015724	0.5107354579576802	0.0	0.4382060815528557	0.5202380952380952	0.50497557997558	0.5585335361519571	0.4652161862527716	0.5282730827373684	0.5049603174603174	0.3333333333333333	0.5577264239028945	0.5013191542729214	0.4426406926406926	0.37385882346819843	0.5227357371658843	0.5491945045695045	0.5247339466089467	0.5415775197025197	0.45657123179850445	0.47075396009219533	0.5013097731970281	0.4065704519651888	0.5511311087501563	0.5513268701947948	0.4602827727827727	0.3702873129956463	0.4200847763347763	0.4563371813371814	0.48752951593860683	0.41780862815345576	0.43664321789321786	0.5396306095524845	0.42739564961787185
laur1248	0.39170714906009013	0.4816463456540211	0.44731279749662106	0.4229889483122241	0.5258335207053156	0.5201235002371366	0.4036178614666987	0.5445054945054946	0.46255550005550006	0.48299456953303105	0.41605446532884616	0.5151240294097437	0.47857190032190033	0.44670954045954053	0.4569702567547395	0.4158798377548378	0.469321050341271	0.44922629650520807	0.4673142135642136	0.4399520885097808	0.46920550514300513	0.4373139693315132	0.4297120614428307	0.4694372682587117	0.45523632745854964	0.4697078887296279	0.5119147827481161	0.479335446299732	0.48023709245300145	0.4382060815528557	0.0	0.4693625818625819	0.44636844636844636	0.4704477943636106	0.44796255932619566	0.4440211312607145	0.4179138321995465	0.49867553081838795	0.443169002050581	0.47441557504294246	0.3475835538335539	0.4019273684971359	0.46233680010465716	0.46059543210517234	0.43338744588744593	0.4556989644229227	0.4021100912975913	0.44592470286914726	0.4696167902918312	0.42823453428292135	0.4916129879177324	0.5012692842728814	0.4131508313411298	0.38583020293546605	0.36839630779848165	0.43610209235209235	0.4608504921004921	0.3717274518410882	0.48665679558536706	0.4647423190532165	0.423056135332921
loma1235	0.5109126984126985	0.47633895575968743	0.44242724867724864	0.4124812526722249	0.4855949605949606	0.45930782180782176	0.4230943152454781	0.5138888888888888	0.5094179894179894	0.42481962481962476	0.4634093067426401	0.5276335415963075	0.45771221532091094	0.4576134614178093	0.43013468013468015	0.5053515572746342	0.4495208538238251	0.4390155164500402	0.44221302047389005	0.5060460372960374	0.45778705421562566	0.49903376518621523	0.4802683792815372	0.47659492208910814	0.4814814814814814	0.459675925925926	0.5668771043771045	0.4937216076104965	0.46769768097751824	0.5202380952380952	0.4693625818625819	0.0	0.43706816059757236	0.4741128682111759	0.4074198400469588	0.47628335611887396	0.4534722222222222	0.54004329004329	0.41595169153762906	0.4489610353821662	0.560297619047619	0.49486624486624486	0.45277717883967883	0.4845343603156103	0.45203308596165737	0.45550442497317506	0.4425740455401473	0.4344411375661375	0.5072221990971991	0.5089256535947713	0.4916981402950791	0.5220435438404188	0.43120490620490615	0.5203869047619047	0.44639724310776946	0.43860119047619045	0.2812556517556518	0.5522727272727272	0.4227248677248677	0.46508404371849743	0.4372931322150072
maha1287	0.5207741832741832	0.46205383305272935	0.4428578701764186	0.40055857703373227	0.42927896876464583	0.39600375677961885	0.4072816676077546	0.45055658627087203	0.4029752411331358	0.3918452380952381	0.5022220504363362	0.5169402356902357	0.3978530728530728	0.4102272410491588	0.326308137723954	0.473354754527594	0.4148546415503074	0.39926784911827645	0.4556196889530222	0.34042406006691717	0.4171809618030549	0.4611722059302704	0.49588563079129117	0.46139104722438057	0.41005291005291006	0.49144267134463215	0.5074544142725961	0.42687234370567695	0.29679480241980244	0.50497557997558	0.44636844636844636	0.43706816059757236	0.0	0.48023763995865115	0.42573139045101654	0.3985227921696176	0.2642361606647321	0.45551948051948055	0.4953625642650033	0.37198145785231096	0.4832722832722833	0.4721143979477313	0.40397859957286175	0.5113386227534061	0.3982864357864358	0.39670350388676184	0.46645920478157327	0.4461401297115583	0.4907735232139995	0.4998745498745498	0.41458440775748473	0.4905293517882171	0.5125765039558142	0.521273964131107	0.45924001924001917	0.4416809068124858	0.4702961783150461	0.5253720238095239	0.5478132978132979	0.4159364426406352	0.4506497701265143
maha1305	0.541427642646196	0.4382397033175659	0.386381616365647	0.37286299330045086	0.436088141103874	0.456520824607641	0.3879957602995754	0.3934745085988287	0.4243874246297375	0.4309604690714057	0.4830773384764191	0.4846182873173813	0.4625071090953136	0.3919315064483987	0.4066540041429941	0.46836014555677863	0.3949151378741786	0.3729651383931305	0.48025634021264985	0.43717755507835965	0.4173842589205764	0.5047825426390647	0.48857783121757037	0.4746912005867254	0.407260288444499	0.5052991501813305	0.5434708591737302	0.3764879430617553	0.4155293489898357	0.5585335361519571	0.4704477943636106	0.4741128682111759	0.48023763995865115	0.0	0.3832422424866699	0.3970844869703783	0.3670641309130518	0.4285036111185537	0.49897515530935593	0.40948086108614073	0.5246830887153469	0.48309062226602545	0.33944597510586266	0.2095266289453182	0.40363548488548484	0.3620055150589601	0.47094405379788207	0.4681394086457377	0.5115824446159771	0.5020865466149975	0.39585242490230704	0.3966687531094599	0.4906529418400678	0.5065908628408627	0.47142353495801764	0.5144728518776245	0.5046857519704012	0.5146624368607128	0.5483098082746751	0.3748149262280675	0.4794509300549256
mait1250	0.5346338410017655	0.3324694902061923	0.20722458750647813	0.24394125576362327	0.4085075497978724	0.404366896103454	0.21572453208533543	0.27844099400221844	0.3600934036201893	0.3707905842399513	0.44393463979502934	0.4826236083634837	0.41345727202468774	0.187297890199851	0.3201666761107321	0.45665130112881447	0.3425772015091695	0.23659338203278588	0.4034615090296909	0.3798231054045008	0.3930348309625876	0.47161263931350017	0.43169349624267656	0.4241946746549459	0.3662690484119056	0.47470242408846164	0.4812219878886546	0.37638156276641754	0.3207670192621192	0.4652161862527716	0.44796255932619566	0.4074198400469588	0.42573139045101654	0.3832422424866699	0.0	0.3552765330046307	0.30776386312100595	0.360537401666434	0.4555949277723471	0.29447046946399624	0.496329638375093	0.4221212785813625	0.3171548513241908	0.3935946929739849	0.33926007854579276	0.30893297302628503	0.4241733900332165	0.4258537678796299	0.4627392626836097	0.4308810280133809	0.37215924073192286	0.4629629125239107	0.44837176474125007	0.4479506196417961	0.4181113267320164	0.4368060141365226	0.4448295788573567	0.4914829094516594	0.46349122453773617	0.35454348037573813	0.41808158437905263
mara1378	0.5098074476488342	0.40218197697526664	0.32863775706085185	0.3277124633873274	0.39346403720383905	0.3992168136774831	0.35498142396264576	0.3950628045628045	0.3476323445073445	0.34974426623245514	0.4924671130211182	0.47560346229433237	0.43507906484768183	0.35139442395757375	0.30457539886002205	0.46803349803657174	0.3017120881403854	0.29851593540760585	0.4275327328974118	0.33659128618295286	0.37123215969423834	0.49954541768062266	0.463753747287792	0.45153325452797743	0.36439701171844024	0.5173373401939191	0.5198701308438152	0.31535561498194475	0.3302552822944821	0.5282730827373684	0.4440211312607145	0.47628335611887396	0.3985227921696176	0.3970844869703783	0.3552765330046307	0.0	0.2908305368189089	0.4041173902586946	0.49619222687935266	0.3532000984855715	0.486682092835939	0.4679533948866576	0.3496080130423036	0.4272896672262225	0.3562469166635833	0.30854894752379164	0.4623010938781287	0.4616627039627039	0.4951121497999839	0.4930673521437411	0.37988185527761137	0.4486255399859108	0.49386450564685863	0.4606184549281564	0.4459353018426679	0.4704009730772551	0.48305292920978776	0.4926967892547603	0.5236290203015553	0.3534972559845097	0.45109597541524293
marw1260	0.4970899470899471	0.4001055528833306	0.25826736755308183	0.30797137716780576	0.3170096658191896	0.3355650599400599	0.2756735285990605	0.1898148148148148	0.29662440733869305	0.32210844710844716	0.4532432844932845	0.4323925529807882	0.4232308201058201	0.3249488844488845	0.24786199044011545	0.4652785620176925	0.2698135114951662	0.26348732774789113	0.46257102272727274	0.3399476911976912	0.2816459483912314	0.4348716759431045	0.42511449902754256	0.3998740067683367	0.4137626262626263	0.49197931697931696	0.41483821733821735	0.3026218534551868	0.1862993138936535	0.5049603174603174	0.4179138321995465	0.4534722222222222	0.2642361606647321	0.3670641309130518	0.30776386312100595	0.2908305368189089	0.0	0.36473922902494327	0.5134428071928071	0.27471425313816616	0.3605769230769231	0.4493740981240982	0.33352133403786294	0.38661737243197913	0.365989565989566	0.29344783474413105	0.42034194761467486	0.39805796055796056	0.434841819060569	0.5256448412698412	0.2886700461888431	0.445446047871421	0.4925595238095238	0.44067460317460316	0.41355472013366745	0.41926256613756613	0.38521505376344084	0.45888888888888896	0.5502645502645502	0.33453299529688424	0.3524967722336143
mult1243	0.6091588966588967	0.4349727474062581	0.3698618841475984	0.37746064541519087	0.46320318570318564	0.48349567099567103	0.3747715247715247	0.375	0.2976190476190476	0.37926887926887926	0.49818563789152026	0.535385813017392	0.47885101010101006	0.43770600744284954	0.3822655122655123	0.5192354214413039	0.40810947965798705	0.3732327577778528	0.5208355880230879	0.40773300773300775	0.3171287707001993	0.538008288008288	0.4992424242424242	0.45504214907116697	0.33418899476591785	0.505409867909868	0.5133333333333333	0.41786582982235154	0.37221337362846796	0.3333333333333333	0.49867553081838795	0.54004329004329	0.45551948051948055	0.4285036111185537	0.360537401666434	0.4041173902586946	0.36473922902494327	0.0	0.48441835941835937	0.4143603038582547	0.38720538720538716	0.46886363636363637	0.3874106579184704	0.434517167713889	0.44047619047619047	0.2740836473617086	0.5396968193843193	0.525357744107744	0.5321116493735542	0.5164562289562289	0.35211565863447586	0.4906584254988511	0.541893424036281	0.5270833333333333	0.519469696969697	0.5090165043290044	0.46866744366744373	0.5150266400266401	0.5707070707070706	0.2560594936672523	0.45730158730158726
nawa1257	0.5151862026862027	0.5040230169488077	0.4605248917748918	0.43361237046132883	0.5381068858042543	0.50813033214349	0.4694488884706276	0.6010416666666667	0.5216691872941873	0.4839115089115089	0.45677092112277295	0.5068358062037838	0.4555065305065305	0.4632423325131659	0.4817514049131696	0.5224111999111999	0.506572367501086	0.4714799826909202	0.489869360963111	0.550916860916861	0.49342187348516453	0.5011519425993111	0.46215471036899597	0.5064748405189582	0.466500256016385	0.49004235143941033	0.5227306547619047	0.499418124146385	0.48102583872830357	0.5577264239028945	0.443169002050581	0.41595169153762906	0.4953625642650033	0.49897515530935593	0.4555949277723471	0.49619222687935266	0.5134428071928071	0.48441835941835937	0.0	0.4634730391099817	0.4936954953259302	0.4785342261904762	0.49652071254542185	0.4981478837839785	0.5290111229766401	0.47169781420142687	0.472883681974591	0.4757654181567225	0.5008651328095772	0.49307915546754827	0.5118824705244459	0.5163408574184437	0.47619346439874644	0.4680665784832451	0.4638736028566538	0.44801487635994675	0.43723868314576275	0.528834706959707	0.526037851037851	0.47730600906657245	0.45159114564852265
nepa1254	0.5011591397008064	0.35095980795694076	0.28425577180172773	0.26384104262983854	0.3776654098551743	0.37511797444969064	0.29088964667181755	0.30089661835985365	0.364609533984534	0.38662505998903063	0.45906333511058456	0.4728383073003547	0.4033470085403538	0.29209649825818307	0.25232591666854615	0.46844040219040217	0.33072401184081396	0.2756329547642695	0.42441606666867077	0.3780752376531597	0.3531498000359639	0.4691223376683749	0.4443975755656243	0.41649352831367653	0.3974366481612858	0.47406507251821983	0.48019782830980745	0.38044614135523225	0.2749241359283024	0.5013191542729214	0.47441557504294246	0.4489610353821662	0.37198145785231096	0.40948086108614073	0.29447046946399624	0.3532000984855715	0.27471425313816616	0.4143603038582547	0.4634730391099817	0.0	0.5022972324559626	0.4464055004001938	0.3333673932004294	0.42370651609370646	0.3854026000454571	0.3288048351377575	0.4367416993123263	0.432809677872703	0.46546358949905664	0.4752706531535757	0.3374062062627149	0.46109158598385624	0.48585834140256634	0.45573779668607256	0.42419595524648723	0.44623509531404265	0.4257461317860477	0.5106440665815666	0.47383923616066476	0.35451345445478316	0.41642752480715445
nort2665	0.47502052211354545	0.47081576738439473	0.44409905937683714	0.4919017629543946	0.5415432345432345	0.5362670483638226	0.5050798160173161	0.5383928571428571	0.6156517094017093	0.551390528663256	0.4795763804097137	0.5475174398251321	0.4564739658489658	0.5350190213826577	0.5197798867798867	0.4629588467088467	0.5214223390452899	0.4982838820338821	0.5135141093474427	0.51537022005772	0.5174385614385614	0.4701796953282522	0.454537317037317	0.5305844888310951	0.47773368606701944	0.4886399433899433	0.5443542568542568	0.5548152403152403	0.49661381702198026	0.4426406926406926	0.3475835538335539	0.560297619047619	0.4832722832722833	0.5246830887153469	0.496329638375093	0.486682092835939	0.3605769230769231	0.38720538720538716	0.4936954953259302	0.5022972324559626	0.0	0.4828610783156238	0.5087613775113775	0.5265328745328746	0.568316279679916	0.49673193135494725	0.4447529809371915	0.5152875457875458	0.4876413972158652	0.4411672850958566	0.5247907350585922	0.5230250263832354	0.448478835978836	0.4064041778327493	0.3985279381112714	0.47965586601950233	0.4985254329004329	0.3909136153701372	0.5253012265512266	0.46818525202959166	0.4733545138436443
nort2666	0.3974229751729751	0.4809561529848415	0.4641815511380729	0.41540209178076826	0.48028747522118737	0.4584264897360135	0.4567745257962649	0.5057577838827838	0.42929646111464287	0.47450949588046365	0.41649780696390853	0.501795746781212	0.43765280840752546	0.4634737484737485	0.4400291104559397	0.43029541022543566	0.4567924308878257	0.4419638237012359	0.4393733250876108	0.5161909519052376	0.4740316657655367	0.44118379594942086	0.4104048377146203	0.4474320965827051	0.43121067821067827	0.44424615199615203	0.5082025613275614	0.5001765832021513	0.4406984009256736	0.37385882346819843	0.4019273684971359	0.49486624486624486	0.4721143979477313	0.48309062226602545	0.4221212785813625	0.4679533948866576	0.4493740981240982	0.46886363636363637	0.4785342261904762	0.4464055004001938	0.4828610783156238	0.0	0.4514957057034908	0.48124865887150087	0.4596190846190846	0.4408471975821114	0.4151410251625769	0.4464999481392924	0.46238417808809223	0.3943814266541538	0.47329544741439017	0.504052270067895	0.4326214442123533	0.3828502415458937	0.40778138528138536	0.41844649370691034	0.4566443657352748	0.33712651727357607	0.5029471735993475	0.44077942058981384	0.3715563596160611
oriy1255	0.519492326331949	0.3100838278514253	0.319196339082189	0.2564025382284217	0.39489835057670425	0.40575646907307716	0.3225603617316071	0.3685248104518938	0.29943604250534944	0.32768807072885087	0.46786115170439924	0.4533219317190088	0.4187105198430702	0.31693991239137653	0.342231763905151	0.44332832858142773	0.36134781620092654	0.27771776482406985	0.42605789118289117	0.3874648747970896	0.37336752581428034	0.4831314266456254	0.4696923080777247	0.4586805330479164	0.3421372886372886	0.4768056661829555	0.5076546909880243	0.3277916908160197	0.3587537354468747	0.5227357371658843	0.46233680010465716	0.45277717883967883	0.40397859957286175	0.33944597510586266	0.3171548513241908	0.3496080130423036	0.33352133403786294	0.3874106579184704	0.49652071254542185	0.3333673932004294	0.5087613775113775	0.4514957057034908	0.0	0.3482143475338698	0.345420699413755	0.29917302634869475	0.4391812885971764	0.4489953778415316	0.476140446098909	0.4783778634014483	0.3663282035838697	0.3999667560869357	0.4830032031259285	0.4468232335167818	0.43563502634931206	0.46957859209503944	0.47260824972518517	0.5110713884639666	0.5070544039294039	0.3607073932776139	0.43942401823010796
pali1273	0.5310534104138755	0.44311746441418964	0.4026326065417221	0.3825455377539209	0.4401366162936718	0.4678014192332748	0.4063509419863093	0.39893629786745727	0.4296089411943071	0.4324896742642278	0.4933408275344387	0.49341928266945845	0.47033602229916327	0.40846699518513857	0.42676955878422906	0.4668006879951324	0.42438096418590043	0.38867618735172005	0.4867269246956747	0.4469135520343855	0.4231674532486866	0.5012501612999125	0.4846883619407001	0.4768020496233327	0.41725563397641313	0.5203009832245944	0.54805648225373	0.3965335930093111	0.44062104385540957	0.5491945045695045	0.46059543210517234	0.4845343603156103	0.5113386227534061	0.2095266289453182	0.3935946929739849	0.4272896672262225	0.38661737243197913	0.434517167713889	0.4981478837839785	0.42370651609370646	0.5265328745328746	0.48124865887150087	0.3482143475338698	0.0	0.4224840263902764	0.376924817612971	0.4719762128134646	0.4667645362767314	0.526061490596939	0.507040923849583	0.41106014207237923	0.3989888758292714	0.49784379517798344	0.49012059927552887	0.47641404440184926	0.5082530912320632	0.5112052978828816	0.5192765876099209	0.5395161514297316	0.3950898152165926	0.47263519478284577
pang1282	0.5602758352758352	0.40392767523915063	0.4105533355533355	0.34096672919136684	0.33765380452880456	0.35044949012340315	0.34052666083916083	0.40952380952380957	0.25935631828488975	0.258878768985152	0.5076753706064051	0.5016445459302602	0.44845226458129683	0.3462131618381618	0.34382013335501704	0.4094789788755306	0.4055069599712457	0.2812963934799378	0.4212928375971854	0.4037662337662338	0.33679627664002665	0.4468743558029273	0.4189680417621594	0.39866268291592966	0.4051787718454385	0.507909090909091	0.5004419191919192	0.3389846264846265	0.35029910049441293	0.5247339466089467	0.43338744588744593	0.45203308596165737	0.3982864357864358	0.40363548488548484	0.33926007854579276	0.3562469166635833	0.365989565989566	0.44047619047619047	0.5290111229766401	0.3854026000454571	0.568316279679916	0.4596190846190846	0.345420699413755	0.4224840263902764	0.0	0.2572030747030747	0.4450114964400678	0.4450236491903159	0.5137599334821558	0.5107791514041514	0.3958630052380052	0.4861704139481918	0.49998473748473743	0.43825757575757573	0.4047118916437098	0.4382327741702742	0.4938677988677988	0.5291666666666667	0.48376623376623373	0.3463121365580383	0.470247113997114
panj1256	0.5143207523193278	0.38154465682639305	0.28391088141088144	0.2914215437360033	0.33824919186111047	0.34539356584087605	0.32138613336956307	0.3073398141210641	0.1907292621578336	0.2397906786387178	0.46526318479443474	0.4618695746563202	0.4218885439382334	0.31838569136355854	0.3064343809723734	0.45882468839381724	0.3427312448477007	0.21878873433379994	0.426834545129448	0.32054217865999474	0.2912544928500442	0.47264524293248056	0.4444195895155884	0.42360394653760486	0.28258457077901517	0.48511301486820435	0.49322416797317814	0.36292971811343633	0.3116957261490264	0.5415775197025197	0.4556989644229227	0.45550442497317506	0.39670350388676184	0.3620055150589601	0.30893297302628503	0.30854894752379164	0.29344783474413105	0.2740836473617086	0.47169781420142687	0.3288048351377575	0.49673193135494725	0.4408471975821114	0.29917302634869475	0.376924817612971	0.2572030747030747	0.0	0.4450723101983606	0.45259153211909114	0.46939841000502763	0.49391958258525714	0.32186941775549927	0.42719417388855635	0.4658019302545987	0.4719673122016872	0.4161622260073588	0.45140175271830363	0.47356441160149426	0.487802641513579	0.4837667479937216	0.23587892586436623	0.4325291468373229
phal1254	0.45956577406045496	0.4792917802683428	0.4449747848684019	0.41470525981490897	0.4943201607865069	0.46143031092695524	0.4354125202962412	0.5139898989898989	0.48603326872557656	0.4325041098747995	0.36038058111712146	0.5318705066932017	0.41410939384240353	0.4462754606504606	0.4137568809791031	0.3867743273993274	0.44919108047032025	0.43841874083390703	0.342274613578377	0.41747419247419243	0.42444145103867326	0.38927732938524306	0.3574454722506053	0.4628176492246921	0.4330123077405687	0.4181856604933527	0.4363128015301928	0.4417775432330227	0.4377044641891385	0.45657123179850445	0.4021100912975913	0.4425740455401473	0.46645920478157327	0.47094405379788207	0.4241733900332165	0.4623010938781287	0.42034194761467486	0.5396968193843193	0.472883681974591	0.4367416993123263	0.4447529809371915	0.4151410251625769	0.4391812885971764	0.4719762128134646	0.4450114964400678	0.4450723101983606	0.0	0.33691133271490414	0.41145952758525856	0.44472480457192687	0.4607469304291038	0.5172371921008285	0.37466805606010145	0.4069654882154882	0.3981577305796056	0.3656884192196692	0.40914532327575803	0.46029310966810966	0.44685545935545934	0.439515954322812	0.3740041373969945
savi1242	0.45700700371753	0.45538972400385447	0.44905657208288785	0.43053176100795143	0.4717195998445998	0.46381862049670264	0.4418362598050098	0.4725056689342404	0.3215645465645465	0.4048690366872185	0.3729877075465311	0.5158767564469319	0.3900253681503682	0.4686703367554433	0.44512540877925494	0.30852628586441533	0.45333047729065423	0.4303971314768657	0.39139718614718616	0.3795519480519481	0.4491927439844107	0.43856147699638004	0.3881874885193469	0.4526597918187612	0.46450798305637014	0.4163049222750715	0.41363275613275613	0.4694966998813152	0.42339098575657713	0.47075396009219533	0.44592470286914726	0.4344411375661375	0.4461401297115583	0.4681394086457377	0.4258537678796299	0.4616627039627039	0.39805796055796056	0.525357744107744	0.4757654181567225	0.432809677872703	0.5152875457875458	0.4464999481392924	0.4489953778415316	0.4667645362767314	0.4450236491903159	0.45259153211909114	0.33691133271490414	0.0	0.4227644270675245	0.436164563756027	0.4658330521330521	0.48100143465187706	0.4457305472305472	0.39336472059686345	0.4043399233616625	0.39805681972348644	0.3917173469805048	0.4546802054154995	0.5101425284117591	0.47342944365003187	0.36318743678294235
shin1264	0.4809566103973999	0.4938158548854376	0.4689347568695395	0.46138207094710537	0.4881238419699957	0.4865373068157272	0.4805363106805773	0.5257200968965674	0.5241563042845093	0.48504536872592424	0.4554700785458036	0.5226649430816097	0.38530065951298825	0.47946218984626365	0.4531399565235215	0.4601350994374667	0.4743522838598938	0.4725764700821325	0.4033306813646619	0.5044813694927613	0.48975066380211824	0.4734512311991651	0.43084383653908337	0.4697089025260811	0.5018787240726017	0.44981749463091375	0.345035124172317	0.4975685954257382	0.46450428855794573	0.5013097731970281	0.4696167902918312	0.5072221990971991	0.4907735232139995	0.5115824446159771	0.4627392626836097	0.4951121497999839	0.434841819060569	0.5321116493735542	0.5008651328095772	0.46546358949905664	0.4876413972158652	0.46238417808809223	0.476140446098909	0.526061490596939	0.5137599334821558	0.46939841000502763	0.41145952758525856	0.4227644270675245	0.0	0.4948305268617768	0.49348602231401056	0.5290643130085397	0.4525597991721941	0.4589208449502567	0.4622627822849061	0.43374504988475576	0.511994379102558	0.5268948418338663	0.5443550068550069	0.4820334693704609	0.4398144456166703
shum1235	0.3896498144712431	0.4912996145922212	0.48590802893687524	0.44517675064550066	0.5065050191973268	0.5340184671358452	0.45395240610084364	0.45595238095238094	0.539642942527558	0.49646418396418407	0.4160929680845926	0.5247396192899242	0.4453067541777219	0.46984635023096555	0.4799512330762331	0.36856982767070484	0.48436243784792293	0.46598794310847874	0.45545448325620735	0.49202697886908414	0.49190831352289677	0.4794058184118425	0.4432386324154617	0.4951613439876136	0.5072086410321704	0.4578228420242309	0.5305351152912129	0.491347708198974	0.4809944822593632	0.4065704519651888	0.42823453428292135	0.5089256535947713	0.4998745498745498	0.5020865466149975	0.4308810280133809	0.4930673521437411	0.5256448412698412	0.5164562289562289	0.49307915546754827	0.4752706531535757	0.4411672850958566	0.3943814266541538	0.4783778634014483	0.507040923849583	0.5107791514041514	0.49391958258525714	0.44472480457192687	0.436164563756027	0.4948305268617768	0.0	0.5292405211386693	0.5227613073201308	0.46752826701456834	0.3622075364722424	0.4265142843267843	0.46342837717837715	0.5061440295815295	0.44048064782439783	0.5672178130511464	0.4874672505987121	0.4054346585201016
sind1272	0.5292025796114581	0.4378823372325193	0.37291322565361024	0.37214480847100573	0.37896667391512023	0.3781119412046328	0.3748738527156894	0.32269731136918633	0.37744876282110335	0.3819488405793553	0.49016815340967884	0.4586872056490922	0.46464696249728094	0.37586073254276026	0.3315900793512734	0.4890432970944259	0.36983984138017745	0.35451023331595605	0.4609186445413297	0.41318065670888254	0.2987215626531673	0.5217600710200603	0.476904043338844	0.4337693525351605	0.3522524386044794	0.5185636961825342	0.49686690280749696	0.399354721069155	0.32998584821432336	0.5511311087501563	0.4916129879177324	0.4916981402950791	0.41458440775748473	0.39585242490230704	0.37215924073192286	0.37988185527761137	0.2886700461888431	0.35211565863447586	0.5118824705244459	0.3374062062627149	0.5247907350585922	0.47329544741439017	0.3663282035838697	0.41106014207237923	0.3958630052380052	0.32186941775549927	0.4607469304291038	0.4658330521330521	0.49348602231401056	0.5292405211386693	0.0	0.4603316596617478	0.5081820025333854	0.5102832160123827	0.45140086251197364	0.48503359849738353	0.4615468707218707	0.530116020633262	0.49182860189353694	0.30745503693486204	0.4635006540099133
sinh1246	0.5477894175141881	0.45489442057082097	0.46904469463769166	0.42920817972879627	0.4948943817518584	0.49449020613616884	0.4949994794116819	0.5153622793328675	0.46896848597668267	0.4853522569814705	0.5048121296942051	0.36432806822112634	0.47860809776868174	0.48921823257760755	0.4689930963911326	0.5071143940039289	0.46204250052464807	0.4279803703815575	0.4845975565315188	0.49201916257001005	0.4674882709026227	0.520317299492191	0.5053431283958922	0.48175288427348106	0.43908617424242424	0.5104004568819384	0.5492777169638872	0.4330167013826231	0.47824297965380846	0.5513268701947948	0.5012692842728814	0.5220435438404188	0.4905293517882171	0.3966687531094599	0.4629629125239107	0.4486255399859108	0.445446047871421	0.4906584254988511	0.5163408574184437	0.46109158598385624	0.5230250263832354	0.504052270067895	0.3999667560869357	0.3989888758292714	0.4861704139481918	0.42719417388855635	0.5172371921008285	0.48100143465187706	0.5290643130085397	0.5227613073201308	0.4603316596617478	0.0	0.5325790799833438	0.47638242260883756	0.473231093850752	0.5019685307185308	0.48610374907016707	0.5192238565006423	0.5308476587165111	0.4591573846368076	0.4679473653844157
sout2669	0.45726434513199216	0.4951401271737663	0.4400022313287619	0.4389232804232803	0.5302189802189804	0.49574716045304273	0.491290023108205	0.5297619047619048	0.5071095571095572	0.47773769440436104	0.37759572720222995	0.5194654111320778	0.42936172354776997	0.4593472721132297	0.475322347902993	0.4460298189464856	0.46749254210447017	0.4593584874765069	0.4131067165158074	0.5150244200244201	0.48138063956245775	0.3206449914035053	0.43595895897032266	0.4895607139032429	0.4945187590187591	0.37683048329458074	0.4778456265956265	0.49302953515282283	0.4594729535845239	0.4602827727827727	0.4131508313411298	0.43120490620490615	0.5125765039558142	0.4906529418400678	0.44837176474125007	0.49386450564685863	0.4925595238095238	0.541893424036281	0.47619346439874644	0.48585834140256634	0.448478835978836	0.4326214442123533	0.4830032031259285	0.49784379517798344	0.49998473748473743	0.4658019302545987	0.37466805606010145	0.4457305472305472	0.4525597991721941	0.46752826701456834	0.5081820025333854	0.5325790799833438	0.0	0.4475817286162113	0.44239185688049326	0.4312560573754604	0.39158254624163713	0.4370113472386199	0.451185474189676	0.4906783544423311	0.42658566181293456
sout2672	0.3580026124668982	0.4851836372244536	0.4468840187590188	0.4179410577848078	0.5230090195999287	0.5001110731373889	0.4425485008818343	0.43367003367003365	0.583994708994709	0.47627946127946125	0.42179040243944094	0.47325396825396815	0.4733173572459287	0.4656237701692248	0.45399474657287153	0.40863596126096124	0.47830968742853974	0.44062761964170416	0.4511366642616643	0.45638111888111893	0.48976527699353783	0.5040945165945167	0.3777738565782044	0.48667606902901017	0.484438973724688	0.451021148989899	0.48426406926406934	0.4801634529999914	0.4985648987102475	0.3702873129956463	0.38583020293546605	0.5203869047619047	0.521273964131107	0.5065908628408627	0.4479506196417961	0.4606184549281564	0.44067460317460316	0.5270833333333333	0.4680665784832451	0.45573779668607256	0.4064041778327493	0.3828502415458937	0.4468232335167818	0.49012059927552887	0.43825757575757573	0.4719673122016872	0.4069654882154882	0.39336472059686345	0.4589208449502567	0.3622075364722424	0.5102832160123827	0.47638242260883756	0.4475817286162113	0.0	0.38791274085391736	0.4297003649944826	0.4078216374269006	0.3047021232735518	0.46819727891156454	0.4694257667058592	0.3662200825993929
tira1253	0.4359636975490634	0.4506198916473538	0.42948263422401356	0.3953803267231485	0.4610130321067821	0.43779227459783004	0.43121784616349823	0.4986607142857143	0.4624433106575964	0.43579158936301793	0.4149252855578156	0.45572832115800865	0.4078797341092424	0.43357748402391255	0.42416043552407184	0.43008721532817906	0.44887814682982746	0.41383692217743945	0.4027704839180249	0.4435708180708181	0.4122214520173704	0.4148008152815846	0.3984630907287158	0.4265307938072166	0.42393162393162387	0.42998249345651945	0.48949473728885495	0.4523184223184223	0.41238597148261014	0.4200847763347763	0.36839630779848165	0.44639724310776946	0.45924001924001917	0.47142353495801764	0.4181113267320164	0.4459353018426679	0.41355472013366745	0.519469696969697	0.4638736028566538	0.42419595524648723	0.3985279381112714	0.40778138528138536	0.43563502634931206	0.47641404440184926	0.4047118916437098	0.4161622260073588	0.3981577305796056	0.4043399233616625	0.4622627822849061	0.4265142843267843	0.45140086251197364	0.473231093850752	0.44239185688049326	0.38791274085391736	0.0	0.39213232489094557	0.42313074352548036	0.4144760154375539	0.47814153439153434	0.4351688047936244	0.34991758720207
torw1241	0.4533876031376031	0.4751457861664963	0.45484120177516396	0.41781278830459156	0.4956295135368169	0.440409274555616	0.4303256694079478	0.44404761904761897	0.4251239099065186	0.48471317330012986	0.4186500629000629	0.521118636441217	0.40383003876979773	0.46375371616335476	0.4411045551670552	0.44285014268885237	0.475221388429109	0.4338160302945545	0.3496861604004461	0.4363790970933828	0.44665272648227194	0.4751474335849336	0.3548087745587745	0.4459493997235543	0.45459910459910463	0.4332416843701566	0.481025552016118	0.48585535095366555	0.4316916432683478	0.4563371813371814	0.43610209235209235	0.43860119047619045	0.4416809068124858	0.5144728518776245	0.4368060141365226	0.4704009730772551	0.41926256613756613	0.5090165043290044	0.44801487635994675	0.44623509531404265	0.47965586601950233	0.41844649370691034	0.46957859209503944	0.5082530912320632	0.4382327741702742	0.45140175271830363	0.3656884192196692	0.39805681972348644	0.43374504988475576	0.46342837717837715	0.48503359849738353	0.5019685307185308	0.4312560573754604	0.4297003649944826	0.39213232489094557	0.0	0.42062010410224704	0.4573644609358895	0.44352548036758566	0.4633235466685187	0.3429777270055048
vlax1238	0.4545709192768016	0.48694356767006336	0.46077459866522363	0.41438133470084143	0.492030016598982	0.452657869865194	0.45040820040820045	0.5253511303511302	0.48809185606060607	0.4750172699640785	0.4251959124483878	0.4844152375402375	0.43260655333826065	0.47585607419791087	0.44054457732515284	0.4444798119649311	0.4762273623646867	0.4558798044418674	0.39884321653189586	0.5036577179434323	0.4694387227892382	0.4551181596181596	0.42370808929632453	0.47884245693955513	0.4198907441764585	0.43087566717084796	0.5148506339995702	0.46718044196857766	0.439746516504329	0.48752951593860683	0.4608504921004921	0.2812556517556518	0.4702961783150461	0.5046857519704012	0.4448295788573567	0.48305292920978776	0.38521505376344084	0.46866744366744373	0.43723868314576275	0.4257461317860477	0.4985254329004329	0.4566443657352748	0.47260824972518517	0.5112052978828816	0.4938677988677988	0.47356441160149426	0.40914532327575803	0.3917173469805048	0.511994379102558	0.5061440295815295	0.4615468707218707	0.48610374907016707	0.39158254624163713	0.4078216374269006	0.42313074352548036	0.42062010410224704	0.0	0.47970328282828284	0.2744092712842713	0.4664894954137742	0.3992990342990343
wega1238	0.41647209272209273	0.5330574817843337	0.48645347707847714	0.46725498470781485	0.5597891049279937	0.538999250018987	0.49746732026143786	0.5454545454545455	0.46309523809523806	0.5257187257187257	0.4514946294016061	0.5783910533910535	0.49112245778912444	0.5135250015684798	0.49495238095238103	0.41335419899249676	0.5099774249188312	0.4767528361278361	0.46146384479717817	0.4797077922077922	0.4938311977374477	0.5100045457188314	0.4356896344396345	0.5002811794233363	0.5	0.50939837279123	0.5378697691197691	0.5002668958026101	0.5139684256270795	0.41780862815345576	0.3717274518410882	0.5522727272727272	0.5253720238095239	0.5146624368607128	0.4914829094516594	0.4926967892547603	0.45888888888888896	0.5150266400266401	0.528834706959707	0.5106440665815666	0.3909136153701372	0.33712651727357607	0.5110713884639666	0.5192765876099209	0.5291666666666667	0.487802641513579	0.46029310966810966	0.4546802054154995	0.5268948418338663	0.44048064782439783	0.530116020633262	0.5192238565006423	0.4370113472386199	0.3047021232735518	0.4144760154375539	0.4573644609358895	0.47970328282828284	0.0	0.5149453720882292	0.49068452380952376	0.4466919191919192
wels1246	0.5584215167548501	0.48738926525811765	0.4440845139708776	0.4708862179812884	0.5363957030623697	0.5012795619413266	0.5182539682539682	0.5782738095238095	0.5501683501683501	0.4862674362674362	0.43827620791906513	0.5251956569664903	0.49835600907029476	0.49641523935002185	0.4827312534209086	0.4769151138716356	0.5250420992557431	0.48952763630704804	0.4328754578754578	0.47014175061050056	0.4606963688485428	0.48287698412698415	0.5095354050711193	0.5032295523104345	0.43707912457912457	0.4573514448514449	0.5945549242424242	0.5036983592539147	0.4916129529012182	0.43664321789321786	0.48665679558536706	0.4227248677248677	0.5478132978132979	0.5483098082746751	0.46349122453773617	0.5236290203015553	0.5502645502645502	0.5707070707070706	0.526037851037851	0.47383923616066476	0.5253012265512266	0.5029471735993475	0.5070544039294039	0.5395161514297316	0.48376623376623373	0.4837667479937216	0.44685545935545934	0.5101425284117591	0.5443550068550069	0.5672178130511464	0.49182860189353694	0.5308476587165111	0.451185474189676	0.46819727891156454	0.47814153439153434	0.44352548036758566	0.2744092712842713	0.5149453720882292	0.0	0.4789205285119329	0.48561507936507947
west2386	0.5086362482653692	0.4160458714934218	0.33746245870069796	0.3345146687933905	0.36714878285865943	0.36396786872567904	0.3509060923234239	0.36735878809742445	0.3343615750780385	0.3010975958619401	0.4706062616502459	0.470091377108921	0.4382605769467083	0.35260823723074436	0.3355503433154948	0.47341341920948066	0.36306516960615004	0.32075190441891677	0.4346857442226359	0.3796131180153737	0.32392220888160567	0.4852961978876383	0.43566337829430396	0.41679767055133526	0.27349004915494274	0.5044161132762984	0.5094784047370254	0.39728205314883314	0.3473397762174202	0.5396306095524845	0.4647423190532165	0.46508404371849743	0.4159364426406352	0.3748149262280675	0.35454348037573813	0.3534972559845097	0.33453299529688424	0.2560594936672523	0.47730600906657245	0.35451345445478316	0.46818525202959166	0.44077942058981384	0.3607073932776139	0.3950898152165926	0.3463121365580383	0.23587892586436623	0.439515954322812	0.47342944365003187	0.4820334693704609	0.4874672505987121	0.30745503693486204	0.4591573846368076	0.4906783544423311	0.4694257667058592	0.4351688047936244	0.4633235466685187	0.4664894954137742	0.49068452380952376	0.4789205285119329	0.0	0.4473447831060613
wota1240	0.4541166033512972	0.44885092191758863	0.445926097711812	0.38670384399551067	0.451982646982647	0.428198359905677	0.4065498459016977	0.5168154761904762	0.3799575424575425	0.4345667953841031	0.3802934037447312	0.46464588810479224	0.3963930782479169	0.42353284662606705	0.39837683810898106	0.3775021404521404	0.45270859142495046	0.41784833960064016	0.3585191484001008	0.4699062841919984	0.4357548503084218	0.44197986109750814	0.34164621093192526	0.4282103985943855	0.41719941764584617	0.4264434580890278	0.49579262007833436	0.43217778749028746	0.4243972999878513	0.42739564961787185	0.423056135332921	0.4372931322150072	0.4506497701265143	0.4794509300549256	0.41808158437905263	0.45109597541524293	0.3524967722336143	0.45730158730158726	0.45159114564852265	0.41642752480715445	0.4733545138436443	0.3715563596160611	0.43942401823010796	0.47263519478284577	0.470247113997114	0.4325291468373229	0.3740041373969945	0.36318743678294235	0.4398144456166703	0.4054346585201016	0.4635006540099133	0.4679473653844157	0.42658566181293456	0.3662200825993929	0.34991758720207	0.3429777270055048	0.3992990342990343	0.4466919191919192	0.48561507936507947	0.4473447831060613	0.0
